Flagged Distance Group,U Statistic,p-value,Flagged Median,Non-Flagged Median,Flagged n,Non-Flagged n
100–150m,91008.5,0.22517334688830148,0.0,0.0,147,1214
150–200m,153067.5,0.3653128382267229,0.0,0.0,255,1214
50–100m,107919.5,0.390267817636344,0.0,0.0,180,1214
