Flagged Distance Group,U Statistic,p-value,Flagged Median,Non-Flagged Median,Flagged n,Non-Flagged n
100-150m,91008.5,0.225173347,0,0,147,1214
150-200m,153078.5,0.36839259,0,0,255,1214
50-100m,107920.5,0.390621584,0,0,180,1214
